{
    "dataRoles": [
        {
            "displayName": "Latitude",
            "name": "lat",
            "kind": "Grouping"
        },
        {
            "displayName": "Longitude",
            "name": "lng",
            "kind": "Grouping"
        },
        {
            "displayName": "Location Status",
            "name": "status",
            "kind": "Measure"
        },
        {
            "displayName": "Tool Tip",
            "name": "toolTip",
            "kind": "GroupingOrMeasure"
        }
    ],
    "objects": {
        "myCustomObject": {
            "displayName": "Google Map Settings",
            "properties": {
                "token": {
                    "displayName": "token",
                    "type": {
                        "text": true
                    }
                },
                "activeStatus":{
                    "displayName": "Active Status",
                    "placeHolderText": "Active status Icon Url",
                    "type": {
                        "text": true
                    }
                },
                "inActiveStatus":{
                    "displayName": "Inactive Status",
                    "placeHolderText": "Inactive status Icon Url",
                    "type": {
                        "text": true
                    }
                }
            }
        }
    },
    "dataViewMappings": [
        {
            "conditions": [
                {
                    "category": {
                        "max": 1
                    }
                }
            ],
            "table": {
                "rows": {
                    "select": [
                        {
                            "for": {
                                "in": "lat"
                            }
                        },
                        {
                            "for": {
                                "in": "lng"
                            }
                        },
                        {
                            "for": {
                                "in": "status"
                            }
                        },
                        {
                            "for": {
                                "in": "toolTip"
                            }
                        }
                        
                    ],
                    "dataReductionAlgorithm": {
                        "sample": {"count": 10000}
                    }
                },
                "rowCount": { "preferred": { "min": 2, "max": 100000 }, "supported": { "min": 1, "max": 100000 }}
            }
        }
    ]
}