{
  "visual": {
    "name": "map",
    "displayName": "Google Map",
    "guid": "googleMap",
    "visualClassName": "Visual",
    "version": "1.0.0",
    "description": "demo application",
    "supportUrl": "https://github.com/samposin/powerbi-markers",
    "gitHubUrl": "https://github.com/samposin/powerbi-markers"
  },
  "apiVersion": "3.8.0",
  "author": { "name": "sam.posin", "email": "sam@aisoftwares.co.in" },
  "assets": { "icon": "assets/icon.png" },
  "externalJS": [],
  "style": "style/visual.less",
  "capabilities": "capabilities.json",
  "dependencies": null,
  "stringResources": []
}
